{
  "ANM": 6714.48,
  "DIE": 6611.746666666667,
  "FTU": 6709.34,
  "MJN": 6448.033333333334,
  "MNJ": 6491.333333333333,
  "MOQ": 6673.829999999999,
  "NOS": 6481.966666666666,
  "SVB": 6671.333333333333,
  "TLE": 6677.893333333333,
  "TMM": 5846.196666666667,
  "TNR": 6006.44,
  "WAI": 6536.54,
  "WFI": 6313.423333333333
}